No.,Time,Source,Destination,Protocol,Length,Info,Label
4276,288.233035,172.24.10.1,172.24.10.210,DNP 3.0,78,Disable Spontaneous Messages,
4281,288.241019,172.24.10.210,172.24.10.1,DNP 3.0,71,Response,
4285,288.510734,172.24.10.1,172.24.10.210,DNP 3.0,75,"Write, Internal Indications",
4300,288.520797,172.24.10.210,172.24.10.1,DNP 3.0,71,Response,
5392,288.761325,172.24.10.1,172.24.10.210,DNP 3.0,81,"Read, Class 0123",0
5398,288.768565,172.24.10.210,172.24.10.1,DNP 3.0,172,Response,0
5403,289.038881,172.24.10.1,172.24.10.210,DNP 3.0,69,Confirm,
5409,289.240748,172.24.10.1,172.24.10.210,DNP 3.0,78,Enable Spontaneous Messages,
5414,289.249329,172.24.10.210,172.24.10.1,DNP 3.0,71,Response,
5421,289.72333,172.24.10.1,172.24.10.210,DNP 3.0,81,"Read, Class 0123",0
5426,289.730629,172.24.10.210,172.24.10.1,DNP 3.0,160,Response,0
5433,290.191051,172.24.10.1,172.24.10.210,DNP 3.0,69,Confirm,
5488,295.204049,172.24.10.210,172.24.10.1,DNP 3.0,64,"from 1024 to 1, len=5, Request Link Status",
5489,295.204254,172.24.10.1,172.24.10.210,DNP 3.0,64,"from 1 to 1024, len=5, Status of Link",
5543,300.253777,172.24.10.210,172.24.10.1,DNP 3.0,64,"from 1024 to 1, len=5, Request Link Status",
5544,300.253936,172.24.10.1,172.24.10.210,DNP 3.0,64,"from 1 to 1024, len=5, Status of Link",
5555,301.019489,172.24.10.1,172.24.10.210,DNP 3.0,81,"Read, Class 0123",0
5560,301.026325,172.24.10.210,172.24.10.1,DNP 3.0,148,Response,0
5642,309.062255,172.24.10.210,172.24.10.1,DNP 3.0,64,"from 1024 to 1, len=5, Request Link Status",
5644,309.06241,172.24.10.1,172.24.10.210,DNP 3.0,64,"from 1 to 1024, len=5, Status of Link",
5670,310.860807,172.24.10.1,172.24.10.210,DNP 3.0,81,"Read, Class 0123",1
5688,312.264014,172.24.10.210,172.24.10.1,DNP 3.0,148,Response,1
5742,317.260397,172.24.10.210,172.24.10.1,DNP 3.0,64,"from 1024 to 1, len=5, Request Link Status",
5743,317.260599,172.24.10.1,172.24.10.210,DNP 3.0,64,"from 1 to 1024, len=5, Status of Link",
5798,322.310351,172.24.10.210,172.24.10.1,DNP 3.0,64,"from 1024 to 1, len=5, Request Link Status",
5799,322.31057,172.24.10.1,172.24.10.210,DNP 3.0,64,"from 1 to 1024, len=5, Status of Link",
5836,325.9736,172.24.10.1,172.24.10.210,DNP 3.0,81,"Read, Class 0123",1
5841,325.981587,172.24.10.210,172.24.10.1,DNP 3.0,148,Response,1
5895,331.009903,172.24.10.210,172.24.10.1,DNP 3.0,64,"from 1024 to 1, len=5, Request Link Status",
5896,331.010089,172.24.10.1,172.24.10.210,DNP 3.0,64,"from 1 to 1024, len=5, Status of Link",
5946,336.037594,172.24.10.1,172.24.10.210,DNP 3.0,81,"Read, Class 0123",1
5965,337.05128,172.24.10.210,172.24.10.1,DNP 3.0,148,Response,1
6064,347.070768,172.24.10.210,172.24.10.1,DNP 3.0,64,"from 1024 to 1, len=5, Request Link Status",
6066,347.071001,172.24.10.1,172.24.10.210,DNP 3.0,64,"from 1 to 1024, len=5, Status of Link",
6127,352.375799,172.24.10.1,172.24.10.210,DNP 3.0,81,"Read, Class 0123",1
6132,352.385276,172.24.10.210,172.24.10.1,DNP 3.0,148,Response,1
6184,357.419034,172.24.10.210,172.24.10.1,DNP 3.0,64,"from 1024 to 1, len=5, Request Link Status",
6185,357.419227,172.24.10.1,172.24.10.210,DNP 3.0,64,"from 1 to 1024, len=5, Status of Link",
6317,369.48005,172.24.10.210,172.24.10.1,DNP 3.0,64,"from 1024 to 1, len=5, Request Link Status",
6344,371.282821,172.24.10.1,172.24.10.210,DNP 3.0,78,Disable Spontaneous Messages,
6349,371.291247,172.24.10.210,172.24.10.1,DNP 3.0,71,Response,
6356,371.654249,172.24.10.1,172.24.10.210,DNP 3.0,81,"Read, Class 0123",1
6361,371.664088,172.24.10.210,172.24.10.1,DNP 3.0,148,Response,1
6368,372.247006,172.24.10.1,172.24.10.210,DNP 3.0,78,Enable Spontaneous Messages,
6373,372.254258,172.24.10.210,172.24.10.1,DNP 3.0,71,Response,
6381,372.82232,172.24.10.1,172.24.10.210,DNP 3.0,81,"Read, Class 0123",1
6386,372.829844,172.24.10.210,172.24.10.1,DNP 3.0,148,Response,1
6398,373.854432,172.24.10.1,172.24.10.210,DNP 3.0,81,"Read, Class 0123",1
6403,373.864501,172.24.10.210,172.24.10.1,DNP 3.0,148,Response,1
6448,378.082159,172.24.10.1,172.24.10.210,DNP 3.0,81,"Read, Class 0123",1
6453,378.09055,172.24.10.210,172.24.10.1,DNP 3.0,148,Response,1
6540,386.128474,172.24.10.1,172.24.10.210,DNP 3.0,64,"from 1 to 1024, len=5, Status of Link",
6573,388.777641,172.24.10.1,172.24.10.210,DNP 3.0,81,"Read, Class 0123",1
6582,389.289682,172.24.10.210,172.24.10.1,DNP 3.0,148,Response,1
6672,397.286352,172.24.10.1,172.24.10.210,DNP 3.0,64,"from 1 to 1024, len=5, Status of Link",
6698,399.158839,172.24.10.1,172.24.10.210,DNP 3.0,81,"Read, Class 0123",1
6719,400.447648,172.24.10.210,172.24.10.1,DNP 3.0,148,Response,1
6773,405.443574,172.24.10.210,172.24.10.1,DNP 3.0,64,"from 1024 to 1, len=5, Request Link Status",
6774,405.443761,172.24.10.1,172.24.10.210,DNP 3.0,64,"from 1 to 1024, len=5, Status of Link",
6815,409.30847,172.24.10.1,172.24.10.210,DNP 3.0,81,"Read, Class 0123",1
6843,411.223004,172.24.10.210,172.24.10.1,DNP 3.0,148,Response,1
6851,411.811828,172.24.10.1,172.24.10.210,DNP 3.0,81,"Read, Class 0123",1
6858,411.820904,172.24.10.210,172.24.10.1,DNP 3.0,148,Response,1
6937,419.853687,172.24.10.210,172.24.10.1,DNP 3.0,64,"from 1024 to 1, len=5, Request Link Status",
6939,419.853889,172.24.10.1,172.24.10.210,DNP 3.0,64,"from 1 to 1024, len=5, Status of Link",
6967,421.825407,172.24.10.1,172.24.10.210,DNP 3.0,81,"Read, Class 0123",1
6985,423.055836,172.24.10.210,172.24.10.1,DNP 3.0,148,Response,1
7075,431.104124,172.24.10.1,172.24.10.210,DNP 3.0,81,"Read, Class 0123",1
7077,431.108355,172.24.10.1,172.24.10.210,DNP 3.0,64,"from 1 to 1024, len=5, Status of Link",
7124,435.172841,172.24.10.1,172.24.10.210,DNP 3.0,81,"Read, Class 0123",1
7129,435.181037,172.24.10.210,172.24.10.1,DNP 3.0,148,Response,1
7213,443.220797,172.24.10.210,172.24.10.1,DNP 3.0,64,"from 1024 to 1, len=5, Request Link Status",
7215,443.220988,172.24.10.1,172.24.10.210,DNP 3.0,64,"from 1 to 1024, len=5, Status of Link",
7248,445.734013,172.24.10.1,172.24.10.210,DNP 3.0,78,Disable Spontaneous Messages,
7258,446.372403,172.24.10.210,172.24.10.1,DNP 3.0,71,Response,
7270,447.38913,172.24.10.1,172.24.10.210,DNP 3.0,81,"Read, Class 0123",1
7275,447.398595,172.24.10.210,172.24.10.1,DNP 3.0,148,Response,1
7285,448.078267,172.24.10.1,172.24.10.210,DNP 3.0,78,Enable Spontaneous Messages,
7290,448.085354,172.24.10.210,172.24.10.1,DNP 3.0,71,Response,
7300,448.885653,172.24.10.1,172.24.10.210,DNP 3.0,81,"Read, Class 0123",1
7305,448.89391,172.24.10.210,172.24.10.1,DNP 3.0,148,Response,1
7312,449.513647,172.24.10.1,172.24.10.210,DNP 3.0,81,"Read, Class 0123",1
7317,449.521993,172.24.10.210,172.24.10.1,DNP 3.0,148,Response,1
7436,461.528402,172.24.10.210,172.24.10.1,DNP 3.0,64,"from 1024 to 1, len=5, Request Link Status",
7438,461.528606,172.24.10.1,172.24.10.210,DNP 3.0,64,"from 1 to 1024, len=5, Status of Link",
7462,463.036626,172.24.10.1,172.24.10.210,DNP 3.0,81,"Read, Class 0123",1
7467,463.045109,172.24.10.210,172.24.10.1,DNP 3.0,148,Response,1
7519,468.077255,172.24.10.210,172.24.10.1,DNP 3.0,64,"from 1024 to 1, len=5, Request Link Status",
7520,468.07745,172.24.10.1,172.24.10.210,DNP 3.0,64,"from 1 to 1024, len=5, Status of Link",
7609,476.127441,172.24.10.1,172.24.10.210,DNP 3.0,64,"from 1 to 1024, len=5, Status of Link",
7629,477.61728,172.24.10.1,172.24.10.210,DNP 3.0,81,"Read, Class 0123",1
7651,479.339354,172.24.10.210,172.24.10.1,DNP 3.0,148,Response,1
7704,484.34505,172.24.10.210,172.24.10.1,DNP 3.0,64,"from 1024 to 1, len=5, Request Link Status",
7705,484.345244,172.24.10.1,172.24.10.210,DNP 3.0,64,"from 1 to 1024, len=5, Status of Link",
7743,487.469976,172.24.10.1,172.24.10.210,DNP 3.0,81,"Read, Class 0123",1
7750,487.477523,172.24.10.210,172.24.10.1,DNP 3.0,148,Response,1
7869,499.495247,172.24.10.210,172.24.10.1,DNP 3.0,64,"from 1024 to 1, len=5, Request Link Status",
7871,499.495445,172.24.10.1,172.24.10.210,DNP 3.0,64,"from 1 to 1024, len=5, Status of Link",
7886,500.284816,172.24.10.1,172.24.10.210,DNP 3.0,81,"Read, Class 0123",1
7891,500.293542,172.24.10.210,172.24.10.1,DNP 3.0,148,Response,1
7971,508.30318,172.24.10.210,172.24.10.1,DNP 3.0,64,"from 1024 to 1, len=5, Request Link Status",
7973,508.303385,172.24.10.1,172.24.10.210,DNP 3.0,64,"from 1 to 1024, len=5, Status of Link",
8030,513.219354,172.24.10.1,172.24.10.210,DNP 3.0,81,"Read, Class 0123",1
8036,513.227255,172.24.10.210,172.24.10.1,DNP 3.0,148,Response,1
8124,521.251974,172.24.10.1,172.24.10.210,DNP 3.0,64,"from 1 to 1024, len=5, Status of Link",
8173,525.382906,172.24.10.1,172.24.10.210,DNP 3.0,78,Disable Spontaneous Messages,
8178,525.390423,172.24.10.210,172.24.10.1,DNP 3.0,71,Response,
8183,525.769576,172.24.10.1,172.24.10.210,DNP 3.0,81,"Read, Class 0123",1
8188,525.780634,172.24.10.210,172.24.10.1,DNP 3.0,148,Response,1
8194,526.244644,172.24.10.1,172.24.10.210,DNP 3.0,78,Enable Spontaneous Messages,
8200,526.252154,172.24.10.210,172.24.10.1,DNP 3.0,71,Response,
8205,526.545456,172.24.10.1,172.24.10.210,DNP 3.0,81,"Read, Class 0123",1
8210,526.553835,172.24.10.210,172.24.10.1,DNP 3.0,148,Response,1
8218,527.237808,172.24.10.1,172.24.10.210,DNP 3.0,81,"Read, Class 0123",1
8223,527.247361,172.24.10.210,172.24.10.1,DNP 3.0,148,Response,1
8276,532.260098,172.24.10.210,172.24.10.1,DNP 3.0,64,"from 1024 to 1, len=5, Request Link Status",
8277,532.260294,172.24.10.1,172.24.10.210,DNP 3.0,64,"from 1 to 1024, len=5, Status of Link",
8327,537.097531,172.24.10.1,172.24.10.210,DNP 3.0,81,"Read, Class 0123",1
8344,538.111432,172.24.10.210,172.24.10.1,DNP 3.0,148,Response,1
8406,544.120076,172.24.10.210,172.24.10.1,DNP 3.0,64,"from 1024 to 1, len=5, Request Link Status",
8409,544.120305,172.24.10.1,172.24.10.210,DNP 3.0,64,"from 1 to 1024, len=5, Status of Link",
8427,545.152838,172.24.10.1,172.24.10.210,DNP 3.0,81,"Read, Class 0123",1
8463,548.272674,172.24.10.210,172.24.10.1,DNP 3.0,148,Response,1
8471,548.767642,172.24.10.1,172.24.10.210,DNP 3.0,81,"Read, Class 0123",1
8476,548.776056,172.24.10.210,172.24.10.1,DNP 3.0,148,Response,1
8577,556.819025,172.24.10.1,172.24.10.210,DNP 3.0,64,"from 1 to 1024, len=5, Status of Link",
8622,560.290115,172.24.10.1,172.24.10.210,DNP 3.0,81,"Read, Class 0123",1
8627,560.297526,172.24.10.210,172.24.10.1,DNP 3.0,148,Response,1
8689,566.336681,172.24.10.210,172.24.10.1,DNP 3.0,64,"from 1024 to 1, len=5, Request Link Status",
8690,566.336935,172.24.10.1,172.24.10.210,DNP 3.0,64,"from 1 to 1024, len=5, Status of Link",
8747,571.375731,172.24.10.210,172.24.10.1,DNP 3.0,64,"from 1024 to 1, len=5, Request Link Status",
8748,571.375879,172.24.10.1,172.24.10.210,DNP 3.0,64,"from 1 to 1024, len=5, Status of Link",
8778,574.04547,172.24.10.1,172.24.10.210,DNP 3.0,81,"Read, Class 0123",1
8783,574.055461,172.24.10.210,172.24.10.1,DNP 3.0,148,Response,1
8869,582.077544,172.24.10.1,172.24.10.210,DNP 3.0,64,"from 1 to 1024, len=5, Status of Link",
8901,584.614781,172.24.10.1,172.24.10.210,DNP 3.0,81,"Read, Class 0123",1
8911,585.23918,172.24.10.210,172.24.10.1,DNP 3.0,148,Response,1
8963,590.235409,172.24.10.210,172.24.10.1,DNP 3.0,64,"from 1024 to 1, len=5, Request Link Status",
8964,590.235604,172.24.10.1,172.24.10.210,DNP 3.0,64,"from 1 to 1024, len=5, Status of Link",
9057,598.285749,172.24.10.1,172.24.10.210,DNP 3.0,64,"from 1 to 1024, len=5, Status of Link",
9183,610.378151,172.24.10.1,172.24.10.210,DNP 3.0,81,"Read, Class 0123",1
9306,621.744257,172.24.10.1,172.24.10.210,DNP 3.0,81,"Read, Class 0123",1
9308,621.7495,172.24.10.1,172.24.10.210,DNP 3.0,64,"from 1 to 1024, len=5, Status of Link",
9343,624.654099,172.24.10.1,172.24.10.210,DNP 3.0,78,Disable Spontaneous Messages,
9348,624.660823,172.24.10.210,172.24.10.1,DNP 3.0,71,Response,
9355,625.091544,172.24.10.1,172.24.10.210,DNP 3.0,81,"Read, Class 0123",1
9360,625.1002,172.24.10.210,172.24.10.1,DNP 3.0,148,Response,1
9367,625.704668,172.24.10.1,172.24.10.210,DNP 3.0,78,Enable Spontaneous Messages,
9372,625.711863,172.24.10.210,172.24.10.1,DNP 3.0,71,Response,
9382,626.625044,172.24.10.1,172.24.10.210,DNP 3.0,81,"Read, Class 0123",1
9387,626.631795,172.24.10.210,172.24.10.1,DNP 3.0,148,Response,1
9394,627.207308,172.24.10.1,172.24.10.210,DNP 3.0,81,"Read, Class 0123",1
9399,627.217212,172.24.10.210,172.24.10.1,DNP 3.0,148,Response,1
9461,633.262382,172.24.10.210,172.24.10.1,DNP 3.0,64,"from 1024 to 1, len=5, Request Link Status",
9462,633.262533,172.24.10.1,172.24.10.210,DNP 3.0,64,"from 1 to 1024, len=5, Status of Link",
9490,635.112637,172.24.10.1,172.24.10.210,DNP 3.0,81,"Read, Class 0123",1
9495,635.120143,172.24.10.210,172.24.10.1,DNP 3.0,148,Response,1
9574,643.162701,172.24.10.210,172.24.10.1,DNP 3.0,64,"from 1024 to 1, len=5, Request Link Status",
9576,643.162872,172.24.10.1,172.24.10.210,DNP 3.0,64,"from 1 to 1024, len=5, Status of Link",
9612,645.88151,172.24.10.1,172.24.10.210,DNP 3.0,81,"Read, Class 0123",1
9619,646.26443,172.24.10.210,172.24.10.1,DNP 3.0,148,Response,1
9701,654.27084,172.24.10.210,172.24.10.1,DNP 3.0,64,"from 1024 to 1, len=5, Request Link Status",
9703,654.271011,172.24.10.1,172.24.10.210,DNP 3.0,64,"from 1 to 1024, len=5, Status of Link",
9735,656.722682,172.24.10.1,172.24.10.210,DNP 3.0,81,"Read, Class 0123",1
9746,657.47266,172.24.10.210,172.24.10.1,DNP 3.0,148,Response,1
9851,668.014236,172.24.10.1,172.24.10.210,DNP 3.0,81,"Read, Class 0123",1
9873,669.469115,172.24.10.1,172.24.10.210,DNP 3.0,64,"from 1 to 1024, len=5, Status of Link",
9982,679.409593,172.24.10.1,172.24.10.210,DNP 3.0,81,"Read, Class 0123",1
9987,679.417122,172.24.10.210,172.24.10.1,DNP 3.0,148,Response,1
10074,687.427309,172.24.10.1,172.24.10.210,DNP 3.0,64,"from 1 to 1024, len=5, Status of Link",
10101,689.540581,172.24.10.1,172.24.10.210,DNP 3.0,81,"Read, Class 0123",1
10116,690.589048,172.24.10.210,172.24.10.1,DNP 3.0,148,Response,1
10198,698.595182,172.24.10.210,172.24.10.1,DNP 3.0,64,"from 1024 to 1, len=5, Request Link Status",
10200,698.595375,172.24.10.1,172.24.10.210,DNP 3.0,64,"from 1 to 1024, len=5, Status of Link",
10236,701.456331,172.24.10.1,172.24.10.210,DNP 3.0,78,Disable Spontaneous Messages,
10246,701.747185,172.24.10.210,172.24.10.1,DNP 3.0,71,Response,
10251,702.187302,172.24.10.1,172.24.10.210,DNP 3.0,81,"Read, Class 0123",1
10256,702.196306,172.24.10.210,172.24.10.1,DNP 3.0,148,Response,1
10263,702.705411,172.24.10.1,172.24.10.210,DNP 3.0,78,Enable Spontaneous Messages,
10268,702.713224,172.24.10.210,172.24.10.1,DNP 3.0,71,Response,
10275,703.224056,172.24.10.1,172.24.10.210,DNP 3.0,81,"Read, Class 0123",1
10280,703.230883,172.24.10.210,172.24.10.1,DNP 3.0,148,Response,1
10289,703.793573,172.24.10.1,172.24.10.210,DNP 3.0,81,"Read, Class 0123",1
10294,703.801202,172.24.10.210,172.24.10.1,DNP 3.0,148,Response,1
10355,709.852244,172.24.10.210,172.24.10.1,DNP 3.0,64,"from 1024 to 1, len=5, Request Link Status",
10356,709.852448,172.24.10.1,172.24.10.210,DNP 3.0,64,"from 1 to 1024, len=5, Status of Link",
10381,711.74024,172.24.10.1,172.24.10.210,DNP 3.0,81,"Read, Class 0123",1
10386,711.749708,172.24.10.210,172.24.10.1,DNP 3.0,148,Response,1
10466,716.794721,172.24.10.210,172.24.10.1,DNP 3.0,64,"from 1024 to 1, len=5, Request Link Status",
10468,716.79488,172.24.10.1,172.24.10.210,DNP 3.0,64,"from 1 to 1024, len=5, Status of Link",
11651,726.152824,172.24.10.1,172.24.10.210,DNP 3.0,81,"Read, Class 0123",1
11689,728.844549,172.24.10.1,172.24.10.210,DNP 3.0,64,"from 1 to 1024, len=5, Status of Link",
11740,733.235098,172.24.10.1,172.24.10.210,DNP 3.0,81,"Read, Class 0123",1
11745,733.242737,172.24.10.210,172.24.10.1,DNP 3.0,148,Response,1
11780,735.742211,172.24.10.1,172.24.10.210,DNP 3.0,78,Disable Spontaneous Messages,
11817,739.106586,172.24.10.210,172.24.10.1,DNP 3.0,71,Response,
11823,739.491549,172.24.10.1,172.24.10.210,DNP 3.0,81,"Read, Class 0123",1
11828,739.499289,172.24.10.210,172.24.10.1,DNP 3.0,148,Response,1
11838,740.25556,172.24.10.1,172.24.10.210,DNP 3.0,78,Enable Spontaneous Messages,
11885,744.512221,172.24.10.210,172.24.10.1,DNP 3.0,64,"from 1024 to 1, len=5, Request Link Status",
11898,744.768543,172.24.10.210,172.24.10.1,DNP 3.0,71,Response,
11907,745.524432,172.24.10.1,172.24.10.210,DNP 3.0,81,"Read, Class 0123",1
11912,745.533285,172.24.10.210,172.24.10.1,DNP 3.0,148,Response,1
11929,747.151744,172.24.10.1,172.24.10.210,DNP 3.0,81,"Read, Class 0123",1
11934,747.159121,172.24.10.210,172.24.10.1,DNP 3.0,148,Response,1
11942,747.727324,172.24.10.1,172.24.10.210,DNP 3.0,81,"Read, Class 0123",1
11947,747.735017,172.24.10.210,172.24.10.1,DNP 3.0,148,Response,1
11983,750.397224,172.24.10.1,172.24.10.210,DNP 3.0,78,Disable Spontaneous Messages,
12013,752.956127,172.24.10.210,172.24.10.1,DNP 3.0,71,Response,
12022,753.464216,172.24.10.1,172.24.10.210,DNP 3.0,81,"Read, Class 0123",1
12027,753.474324,172.24.10.210,172.24.10.1,DNP 3.0,148,Response,1
12037,754.334715,172.24.10.1,172.24.10.210,DNP 3.0,78,Enable Spontaneous Messages,
12042,754.343347,172.24.10.210,172.24.10.1,DNP 3.0,71,Response,
12051,755.031806,172.24.10.1,172.24.10.210,DNP 3.0,81,"Read, Class 0123",1
12056,755.041698,172.24.10.210,172.24.10.1,DNP 3.0,148,Response,1
12081,757.36799,172.24.10.1,172.24.10.210,DNP 3.0,81,"Read, Class 0123",1
12086,757.377586,172.24.10.210,172.24.10.1,DNP 3.0,148,Response,1
13914,770.093403,172.24.10.1,172.24.10.210,DNP 3.0,78,Disable Spontaneous Messages,
13941,773.826326,172.24.10.210,172.24.10.1,DNP 3.0,71,Response,
13948,774.359531,172.24.10.1,172.24.10.210,DNP 3.0,75,"Write, Internal Indications",
13953,774.369209,172.24.10.210,172.24.10.1,DNP 3.0,71,Response,
13965,775.293782,172.24.10.1,172.24.10.210,DNP 3.0,81,"Read, Class 0123",1
13970,775.303442,172.24.10.210,172.24.10.1,DNP 3.0,148,Response,1
13977,775.894644,172.24.10.1,172.24.10.210,DNP 3.0,78,Enable Spontaneous Messages,
13982,775.901213,172.24.10.210,172.24.10.1,DNP 3.0,71,Response,
13987,776.253108,172.24.10.1,172.24.10.210,DNP 3.0,81,"Read, Class 0123",1
13994,776.261464,172.24.10.210,172.24.10.1,DNP 3.0,148,Response,1
14004,777.166378,172.24.10.1,172.24.10.210,DNP 3.0,81,"Read, Class 0123",1
14009,777.175204,172.24.10.210,172.24.10.1,DNP 3.0,148,Response,1
14033,779.417283,172.24.10.1,172.24.10.210,DNP 3.0,81,"Read, Class 0123",1
14038,779.426665,172.24.10.210,172.24.10.1,DNP 3.0,148,Response,1
14119,787.432204,172.24.10.210,172.24.10.1,DNP 3.0,64,"from 1024 to 1, len=5, Request Link Status",
14121,787.432394,172.24.10.1,172.24.10.210,DNP 3.0,64,"from 1 to 1024, len=5, Status of Link",
14150,789.543311,172.24.10.1,172.24.10.210,DNP 3.0,81,"Read, Class 0123",1
14165,790.484861,172.24.10.210,172.24.10.1,DNP 3.0,148,Response,1
14245,795.481354,172.24.10.210,172.24.10.1,DNP 3.0,64,"from 1024 to 1, len=5, Request Link Status",
14246,795.481556,172.24.10.1,172.24.10.210,DNP 3.0,64,"from 1 to 1024, len=5, Status of Link",
15398,800.531644,172.24.10.210,172.24.10.1,DNP 3.0,64,"from 1024 to 1, len=5, Request Link Status",
15399,800.531857,172.24.10.1,172.24.10.210,DNP 3.0,64,"from 1 to 1024, len=5, Status of Link",
15408,800.980857,172.24.10.1,172.24.10.210,DNP 3.0,81,"Read, Class 0123",1
15413,800.990635,172.24.10.210,172.24.10.1,DNP 3.0,148,Response,1
15495,806.031492,172.24.10.210,172.24.10.1,DNP 3.0,64,"from 1024 to 1, len=5, Request Link Status",
15496,806.031699,172.24.10.1,172.24.10.210,DNP 3.0,64,"from 1 to 1024, len=5, Status of Link",
16646,811.091297,172.24.10.210,172.24.10.1,DNP 3.0,64,"from 1024 to 1, len=5, Request Link Status",
16647,811.091493,172.24.10.1,172.24.10.210,DNP 3.0,64,"from 1 to 1024, len=5, Status of Link",
16657,811.489878,172.24.10.1,172.24.10.210,DNP 3.0,81,"Read, Class 0123",1
16662,811.497493,172.24.10.210,172.24.10.1,DNP 3.0,172,Response,1
16667,811.817766,172.24.10.1,172.24.10.210,DNP 3.0,69,Confirm,
16782,822.79579,172.24.10.1,172.24.10.210,DNP 3.0,81,"Read, Class 0123",1
16799,823.831779,172.24.10.1,172.24.10.210,DNP 3.0,64,"from 1 to 1024, len=5, Status of Link",
16863,829.390094,172.24.10.210,172.24.10.1,DNP 3.0,64,"from 1024 to 1, len=5, Request Link Status",
16864,829.390317,172.24.10.1,172.24.10.210,DNP 3.0,64,"from 1 to 1024, len=5, Status of Link",
16915,833.908602,172.24.10.1,172.24.10.210,DNP 3.0,81,"Read, Class 0123",1
16920,833.916624,172.24.10.210,172.24.10.1,DNP 3.0,148,Response,1
16972,838.939551,172.24.10.210,172.24.10.1,DNP 3.0,64,"from 1024 to 1, len=5, Request Link Status",
16973,838.939746,172.24.10.1,172.24.10.210,DNP 3.0,64,"from 1 to 1024, len=5, Status of Link",
17026,844.000719,172.24.10.210,172.24.10.1,DNP 3.0,64,"from 1024 to 1, len=5, Request Link Status",
17027,844.000914,172.24.10.1,172.24.10.210,DNP 3.0,64,"from 1 to 1024, len=5, Status of Link",
17053,845.988261,172.24.10.1,172.24.10.210,DNP 3.0,81,"Read, Class 0123",1
17059,845.998273,172.24.10.210,172.24.10.1,DNP 3.0,148,Response,1
17105,849.778274,172.24.10.1,172.24.10.210,DNP 3.0,78,Disable Spontaneous Messages,
17145,853.141343,172.24.10.210,172.24.10.1,DNP 3.0,71,Response,
17149,853.500013,172.24.10.1,172.24.10.210,DNP 3.0,81,"Read, Class 0123",1
17154,853.508988,172.24.10.210,172.24.10.1,DNP 3.0,148,Response,1
17164,854.167468,172.24.10.1,172.24.10.210,DNP 3.0,78,Enable Spontaneous Messages,
17169,854.176886,172.24.10.210,172.24.10.1,DNP 3.0,71,Response,
17175,854.722483,172.24.10.1,172.24.10.210,DNP 3.0,81,"Read, Class 0123",1
17180,854.732204,172.24.10.210,172.24.10.1,DNP 3.0,148,Response,1
17200,856.389617,172.24.10.1,172.24.10.210,DNP 3.0,81,"Read, Class 0123",1
17205,856.399349,172.24.10.210,172.24.10.1,DNP 3.0,148,Response,1
17257,861.440311,172.24.10.210,172.24.10.1,DNP 3.0,64,"from 1024 to 1, len=5, Request Link Status",
17258,861.44047,172.24.10.1,172.24.10.210,DNP 3.0,64,"from 1 to 1024, len=5, Status of Link",
17376,873.5015,172.24.10.210,172.24.10.1,DNP 3.0,64,"from 1024 to 1, len=5, Request Link Status",
17419,877.145118,172.24.10.1,172.24.10.210,DNP 3.0,78,Disable Spontaneous Messages,
17424,877.151689,172.24.10.210,172.24.10.1,DNP 3.0,71,Response,
17429,877.498636,172.24.10.1,172.24.10.210,DNP 3.0,81,"Read, Class 0123",1
17434,877.50864,172.24.10.210,172.24.10.1,DNP 3.0,148,Response,1
17444,878.166549,172.24.10.1,172.24.10.210,DNP 3.0,78,Enable Spontaneous Messages,
17449,878.175925,172.24.10.210,172.24.10.1,DNP 3.0,71,Response,
17455,878.717981,172.24.10.1,172.24.10.210,DNP 3.0,81,"Read, Class 0123",1
17460,878.726719,172.24.10.210,172.24.10.1,DNP 3.0,148,Response,1
17478,880.368725,172.24.10.1,172.24.10.210,DNP 3.0,81,"Read, Class 0123",1
17483,880.37599,172.24.10.210,172.24.10.1,DNP 3.0,148,Response,1
17541,885.398567,172.24.10.210,172.24.10.1,DNP 3.0,64,"from 1024 to 1, len=5, Request Link Status",
17542,885.398754,172.24.10.1,172.24.10.210,DNP 3.0,64,"from 1 to 1024, len=5, Status of Link",
17659,895.6557,172.24.10.1,172.24.10.210,DNP 3.0,78,Disable Spontaneous Messages,
17674,896.510686,172.24.10.210,172.24.10.1,DNP 3.0,71,Response,
17679,896.96217,172.24.10.1,172.24.10.210,DNP 3.0,81,"Read, Class 0123",0
17684,896.96913,172.24.10.210,172.24.10.1,DNP 3.0,148,Response,0
17696,897.796096,172.24.10.1,172.24.10.210,DNP 3.0,78,Enable Spontaneous Messages,
17701,897.803188,172.24.10.210,172.24.10.1,DNP 3.0,71,Response,
17711,898.5514,172.24.10.1,172.24.10.210,DNP 3.0,81,"Read, Class 0123",0
17716,898.559232,172.24.10.210,172.24.10.1,DNP 3.0,148,Response,0
17728,899.614105,172.24.10.1,172.24.10.210,DNP 3.0,81,"Read, Class 0123",0
17733,899.62112,172.24.10.210,172.24.10.1,DNP 3.0,148,Response,0
17792,905.772074,172.24.10.1,172.24.10.210,DNP 3.0,81,"Read, Class 0123",1
17826,907.657708,172.24.10.1,172.24.10.210,DNP 3.0,64,"from 1 to 1024, len=5, Status of Link",
17864,910.865877,172.24.10.210,172.24.10.1,DNP 3.0,148,Response,1
17905,914.702966,172.24.10.1,172.24.10.210,DNP 3.0,81,"Read, Class 0123",1
17910,914.712525,172.24.10.210,172.24.10.1,DNP 3.0,148,Response,1
18024,926.16223,172.24.10.1,172.24.10.210,DNP 3.0,81,"Read, Class 0123",1
18035,926.715982,172.24.10.1,172.24.10.210,DNP 3.0,64,"from 1 to 1024, len=5, Status of Link",
18093,931.707721,172.24.10.1,172.24.10.210,DNP 3.0,81,"Read, Class 0123",1
18098,931.717576,172.24.10.210,172.24.10.1,DNP 3.0,148,Response,1
18220,943.733891,172.24.10.210,172.24.10.1,DNP 3.0,64,"from 1024 to 1, len=5, Request Link Status",
18222,943.734083,172.24.10.1,172.24.10.210,DNP 3.0,64,"from 1 to 1024, len=5, Status of Link",
18240,944.868515,172.24.10.1,172.24.10.210,DNP 3.0,81,"Read, Class 0123",1
18246,944.878984,172.24.10.210,172.24.10.1,DNP 3.0,148,Response,1
18331,952.882572,172.24.10.1,172.24.10.210,DNP 3.0,64,"from 1 to 1024, len=5, Status of Link",
18385,957.567131,172.24.10.1,172.24.10.210,DNP 3.0,81,"Read, Class 0123",1
18390,957.575926,172.24.10.210,172.24.10.1,DNP 3.0,148,Response,1
18479,965.59115,172.24.10.1,172.24.10.210,DNP 3.0,64,"from 1 to 1024, len=5, Status of Link",
18518,968.844169,172.24.10.1,172.24.10.210,DNP 3.0,78,Disable Spontaneous Messages,
18523,968.853545,172.24.10.210,172.24.10.1,DNP 3.0,71,Response,
18531,969.453224,172.24.10.1,172.24.10.210,DNP 3.0,81,"Read, Class 0123",1
18536,969.460811,172.24.10.210,172.24.10.1,DNP 3.0,148,Response,1
18546,970.150732,172.24.10.1,172.24.10.210,DNP 3.0,78,Enable Spontaneous Messages,
18551,970.159255,172.24.10.210,172.24.10.1,DNP 3.0,71,Response,
18555,970.553069,172.24.10.1,172.24.10.210,DNP 3.0,81,"Read, Class 0123",1
18560,970.561738,172.24.10.210,172.24.10.1,DNP 3.0,148,Response,1
18572,971.388759,172.24.10.1,172.24.10.210,DNP 3.0,81,"Read, Class 0123",1
18577,971.397362,172.24.10.210,172.24.10.1,DNP 3.0,148,Response,1
18660,979.352114,172.24.10.1,172.24.10.210,DNP 3.0,81,"Read, Class 0123",1
18664,979.398009,172.24.10.1,172.24.10.210,DNP 3.0,64,"from 1 to 1024, len=5, Status of Link",
18753,987.557021,172.24.10.210,172.24.10.1,DNP 3.0,64,"from 1024 to 1, len=5, Request Link Status",
18754,987.557217,172.24.10.1,172.24.10.210,DNP 3.0,64,"from 1 to 1024, len=5, Status of Link",
18797,991.279101,172.24.10.1,172.24.10.210,DNP 3.0,81,"Read, Class 0123",1
18802,991.287489,172.24.10.210,172.24.10.1,DNP 3.0,148,Response,1
18885,999.31757,172.24.10.210,172.24.10.1,DNP 3.0,64,"from 1024 to 1, len=5, Request Link Status",
18887,999.317732,172.24.10.1,172.24.10.210,DNP 3.0,64,"from 1 to 1024, len=5, Status of Link",
18914,1001.263518,172.24.10.1,172.24.10.210,DNP 3.0,81,"Read, Class 0123",1
18931,1002.519512,172.24.10.210,172.24.10.1,DNP 3.0,148,Response,1
19013,1010.525147,172.24.10.210,172.24.10.1,DNP 3.0,64,"from 1024 to 1, len=5, Request Link Status",
19015,1010.525344,172.24.10.1,172.24.10.210,DNP 3.0,64,"from 1 to 1024, len=5, Status of Link",
19041,1012.167139,172.24.10.1,172.24.10.210,DNP 3.0,81,"Read, Class 0123",1
19060,1013.727487,172.24.10.210,172.24.10.1,DNP 3.0,148,Response,1
19147,1021.724191,172.24.10.1,172.24.10.210,DNP 3.0,64,"from 1 to 1024, len=5, Status of Link",
19168,1023.042771,172.24.10.1,172.24.10.210,DNP 3.0,81,"Read, Class 0123",1
19189,1024.885519,172.24.10.210,172.24.10.1,DNP 3.0,148,Response,1
19250,1030.891396,172.24.10.210,172.24.10.1,DNP 3.0,64,"from 1024 to 1, len=5, Request Link Status",
19251,1030.891593,172.24.10.1,172.24.10.210,DNP 3.0,64,"from 1 to 1024, len=5, Status of Link",
19280,1033.332182,172.24.10.1,172.24.10.210,DNP 3.0,81,"Read, Class 0123",1
19287,1033.342567,172.24.10.210,172.24.10.1,DNP 3.0,148,Response,1
19397,1044.271077,172.24.10.1,172.24.10.210,DNP 3.0,81,"Read, Class 0123",1
19414,1045.382201,172.24.10.1,172.24.10.210,DNP 3.0,64,"from 1 to 1024, len=5, Status of Link",
19517,1055.006015,172.24.10.1,172.24.10.210,DNP 3.0,78,Disable Spontaneous Messages,
19522,1055.013301,172.24.10.210,172.24.10.1,DNP 3.0,71,Response,
19529,1055.559267,172.24.10.1,172.24.10.210,DNP 3.0,81,"Read, Class 0123",1
19536,1055.566959,172.24.10.210,172.24.10.1,DNP 3.0,148,Response,1
19546,1056.564026,172.24.10.1,172.24.10.210,DNP 3.0,78,Enable Spontaneous Messages,
19551,1056.571654,172.24.10.210,172.24.10.1,DNP 3.0,71,Response,
19563,1057.576316,172.24.10.1,172.24.10.210,DNP 3.0,81,"Read, Class 0123",1
19568,1057.585831,172.24.10.210,172.24.10.1,DNP 3.0,148,Response,1
19575,1058.128992,172.24.10.1,172.24.10.210,DNP 3.0,81,"Read, Class 0123",1
19580,1058.136241,172.24.10.210,172.24.10.1,DNP 3.0,148,Response,1
19662,1066.150575,172.24.10.210,172.24.10.1,DNP 3.0,64,"from 1024 to 1, len=5, Request Link Status",
19670,1066.394304,172.24.10.1,172.24.10.210,DNP 3.0,81,"Read, Class 0123",1
19672,1066.399151,172.24.10.1,172.24.10.210,DNP 3.0,64,"from 1 to 1024, len=5, Status of Link",
19757,1074.398588,172.24.10.210,172.24.10.1,DNP 3.0,64,"from 1024 to 1, len=5, Request Link Status",
19758,1074.398782,172.24.10.1,172.24.10.210,DNP 3.0,64,"from 1 to 1024, len=5, Status of Link",
19779,1076.015858,172.24.10.1,172.24.10.210,DNP 3.0,81,"Read, Class 0123",1
19784,1076.023392,172.24.10.210,172.24.10.1,DNP 3.0,148,Response,1
19838,1081.048442,172.24.10.210,172.24.10.1,DNP 3.0,64,"from 1024 to 1, len=5, Request Link Status",
19839,1081.048606,172.24.10.1,172.24.10.210,DNP 3.0,64,"from 1 to 1024, len=5, Status of Link",
19887,1086.0006,172.24.10.1,172.24.10.210,DNP 3.0,81,"Read, Class 0123",1
19906,1087.015065,172.24.10.210,172.24.10.1,DNP 3.0,148,Response,1
19948,1091.04898,172.24.10.210,172.24.10.1,DNP 3.0,64,"from 1024 to 1, len=5, Request Link Status",
19949,1091.049174,172.24.10.1,172.24.10.210,DNP 3.0,64,"from 1 to 1024, len=5, Status of Link",
20003,1096.098736,172.24.10.210,172.24.10.1,DNP 3.0,64,"from 1024 to 1, len=5, Request Link Status",
20004,1096.098929,172.24.10.1,172.24.10.210,DNP 3.0,64,"from 1 to 1024, len=5, Status of Link",
20040,1099.456375,172.24.10.1,172.24.10.210,DNP 3.0,81,"Read, Class 0123",1
20045,1099.466124,172.24.10.210,172.24.10.1,DNP 3.0,148,Response,1
20097,1104.499162,172.24.10.210,172.24.10.1,DNP 3.0,64,"from 1024 to 1, len=5, Request Link Status",
20098,1104.499359,172.24.10.1,172.24.10.210,DNP 3.0,64,"from 1 to 1024, len=5, Status of Link",
20153,1109.548683,172.24.10.210,172.24.10.1,DNP 3.0,64,"from 1024 to 1, len=5, Request Link Status",
20154,1109.548841,172.24.10.1,172.24.10.210,DNP 3.0,64,"from 1 to 1024, len=5, Status of Link",
20171,1110.907162,172.24.10.1,172.24.10.210,DNP 3.0,81,"Read, Class 0123",1
20176,1110.91476,172.24.10.210,172.24.10.1,DNP 3.0,148,Response,1
20230,1115.94918,172.24.10.210,172.24.10.1,DNP 3.0,64,"from 1024 to 1, len=5, Request Link Status",
20231,1115.949373,172.24.10.1,172.24.10.210,DNP 3.0,64,"from 1 to 1024, len=5, Status of Link",
20284,1121.009056,172.24.10.210,172.24.10.1,DNP 3.0,64,"from 1024 to 1, len=5, Request Link Status",
20285,1121.00974,172.24.10.1,172.24.10.210,DNP 3.0,81,"Read, Class 0123",0
20292,1121.02334,172.24.10.1,172.24.10.210,DNP 3.0,64,"from 1 to 1024, len=5, Status of Link",
20297,1121.028383,172.24.10.210,172.24.10.1,DNP 3.0,148,Response,0
20349,1126.049316,172.24.10.210,172.24.10.1,DNP 3.0,64,"from 1024 to 1, len=5, Request Link Status",
20350,1126.049469,172.24.10.1,172.24.10.210,DNP 3.0,64,"from 1 to 1024, len=5, Status of Link",
20439,1134.10029,172.24.10.1,172.24.10.210,DNP 3.0,64,"from 1 to 1024, len=5, Status of Link",
20459,1135.510813,172.24.10.1,172.24.10.210,DNP 3.0,81,"Read, Class 0123",1
20481,1137.261413,172.24.10.210,172.24.10.1,DNP 3.0,148,Response,1
20543,1143.268125,172.24.10.210,172.24.10.1,DNP 3.0,64,"from 1024 to 1, len=5, Request Link Status",
20544,1143.268313,172.24.10.1,172.24.10.210,DNP 3.0,64,"from 1 to 1024, len=5, Status of Link",
20562,1144.398059,172.24.10.1,172.24.10.210,DNP 3.0,81,"Read, Class 0123",1
20567,1144.40532,172.24.10.210,172.24.10.1,DNP 3.0,148,Response,1
20619,1149.408116,172.24.10.210,172.24.10.1,DNP 3.0,64,"from 1024 to 1, len=5, Request Link Status",
20620,1149.408312,172.24.10.1,172.24.10.210,DNP 3.0,64,"from 1 to 1024, len=5, Status of Link",
20676,1154.467825,172.24.10.210,172.24.10.1,DNP 3.0,64,"from 1024 to 1, len=5, Request Link Status",
20677,1154.468008,172.24.10.1,172.24.10.210,DNP 3.0,64,"from 1 to 1024, len=5, Status of Link",
20704,1156.641995,172.24.10.1,172.24.10.210,DNP 3.0,81,"Read, Class 0123",1
20709,1156.649939,172.24.10.210,172.24.10.1,DNP 3.0,148,Response,1
20761,1161.658123,172.24.10.210,172.24.10.1,DNP 3.0,64,"from 1024 to 1, len=5, Request Link Status",
20762,1161.658336,172.24.10.1,172.24.10.210,DNP 3.0,64,"from 1 to 1024, len=5, Status of Link",
20816,1166.708322,172.24.10.210,172.24.10.1,DNP 3.0,64,"from 1024 to 1, len=5, Request Link Status",
20817,1166.708512,172.24.10.1,172.24.10.210,DNP 3.0,64,"from 1 to 1024, len=5, Status of Link",
20833,1167.960472,172.24.10.1,172.24.10.210,DNP 3.0,81,"Read, Class 0123",1
20838,1167.970349,172.24.10.210,172.24.10.1,DNP 3.0,148,Response,1
20920,1176.018764,172.24.10.210,172.24.10.1,DNP 3.0,64,"from 1024 to 1, len=5, Request Link Status",
20922,1176.018962,172.24.10.1,172.24.10.210,DNP 3.0,64,"from 1 to 1024, len=5, Status of Link",
20953,1178.275485,172.24.10.1,172.24.10.210,DNP 3.0,81,"Read, Class 0123",1
20966,1179.170448,172.24.10.210,172.24.10.1,DNP 3.0,148,Response,1
21018,1184.166481,172.24.10.210,172.24.10.1,DNP 3.0,64,"from 1024 to 1, len=5, Request Link Status",
21019,1184.16668,172.24.10.1,172.24.10.210,DNP 3.0,64,"from 1 to 1024, len=5, Status of Link",
21073,1189.202507,172.24.10.1,172.24.10.210,DNP 3.0,81,"Read, Class 0123",1
21090,1190.217788,172.24.10.210,172.24.10.1,DNP 3.0,148,Response,1
21134,1194.216992,172.24.10.210,172.24.10.1,DNP 3.0,64,"from 1024 to 1, len=5, Request Link Status",
21135,1194.217159,172.24.10.1,172.24.10.210,DNP 3.0,64,"from 1 to 1024, len=5, Status of Link",
21190,1199.276264,172.24.10.210,172.24.10.1,DNP 3.0,64,"from 1024 to 1, len=5, Request Link Status",
21193,1199.395098,172.24.10.1,172.24.10.210,DNP 3.0,81,"Read, Class 0123",1
21197,1199.401019,172.24.10.1,172.24.10.210,DNP 3.0,64,"from 1 to 1024, len=5, Status of Link",
21203,1199.409376,172.24.10.210,172.24.10.1,DNP 3.0,148,Response,1
21254,1204.416946,172.24.10.210,172.24.10.1,DNP 3.0,64,"from 1024 to 1, len=5, Request Link Status",
21255,1204.417207,172.24.10.1,172.24.10.210,DNP 3.0,64,"from 1 to 1024, len=5, Status of Link",
21375,1212.319615,172.24.10.1,172.24.10.210,DNP 3.0,78,Disable Spontaneous Messages,
22506,1215.528073,172.24.10.210,172.24.10.1,DNP 3.0,71,Response,
22516,1216.219634,172.24.10.1,172.24.10.210,DNP 3.0,81,"Read, Class 0123",0
22521,1216.227898,172.24.10.210,172.24.10.1,DNP 3.0,148,Response,0
22530,1217.011016,172.24.10.1,172.24.10.210,DNP 3.0,78,Enable Spontaneous Messages,
22535,1217.019629,172.24.10.210,172.24.10.1,DNP 3.0,71,Response,
22545,1217.635384,172.24.10.1,172.24.10.210,DNP 3.0,81,"Read, Class 0123",0
22550,1217.642712,172.24.10.210,172.24.10.1,DNP 3.0,148,Response,0
22564,1218.901912,172.24.10.1,172.24.10.210,DNP 3.0,81,"Read, Class 0123",0
22569,1218.910623,172.24.10.210,172.24.10.1,DNP 3.0,148,Response,0
22650,1226.935958,172.24.10.210,172.24.10.1,DNP 3.0,64,"from 1024 to 1, len=5, Request Link Status",
22652,1226.936108,172.24.10.1,172.24.10.210,DNP 3.0,64,"from 1 to 1024, len=5, Status of Link",
22736,1235.13402,172.24.10.210,172.24.10.1,DNP 3.0,64,"from 1024 to 1, len=5, Request Link Status",
22737,1235.134219,172.24.10.1,172.24.10.210,DNP 3.0,64,"from 1 to 1024, len=5, Status of Link",
22756,1236.493307,172.24.10.1,172.24.10.210,DNP 3.0,81,"Read, Class 0123",1
22761,1236.501721,172.24.10.210,172.24.10.1,DNP 3.0,148,Response,1
22844,1244.544141,172.24.10.210,172.24.10.1,DNP 3.0,64,"from 1024 to 1, len=5, Request Link Status",
22846,1244.544351,172.24.10.1,172.24.10.210,DNP 3.0,64,"from 1 to 1024, len=5, Status of Link",
22895,1248.50111,172.24.10.1,172.24.10.210,DNP 3.0,81,"Read, Class 0123",1
22900,1248.508894,172.24.10.210,172.24.10.1,DNP 3.0,148,Response,1
22956,1253.541995,172.24.10.210,172.24.10.1,DNP 3.0,64,"from 1024 to 1, len=5, Request Link Status",
22957,1253.542189,172.24.10.1,172.24.10.210,DNP 3.0,64,"from 1 to 1024, len=5, Status of Link",
23042,1261.601983,172.24.10.210,172.24.10.1,DNP 3.0,64,"from 1024 to 1, len=5, Request Link Status",
23044,1261.602163,172.24.10.1,172.24.10.210,DNP 3.0,64,"from 1 to 1024, len=5, Status of Link",
23062,1262.585555,172.24.10.1,172.24.10.210,DNP 3.0,81,"Read, Class 0123",1
23089,1264.804217,172.24.10.210,172.24.10.1,DNP 3.0,148,Response,1
23141,1269.80045,172.24.10.210,172.24.10.1,DNP 3.0,64,"from 1024 to 1, len=5, Request Link Status",
23142,1269.800662,172.24.10.1,172.24.10.210,DNP 3.0,64,"from 1 to 1024, len=5, Status of Link",
23177,1273.045184,172.24.10.1,172.24.10.210,DNP 3.0,81,"Read, Class 0123",1
23182,1273.054352,172.24.10.210,172.24.10.1,DNP 3.0,148,Response,1
23266,1281.060932,172.24.10.210,172.24.10.1,DNP 3.0,64,"from 1024 to 1, len=5, Request Link Status",
23268,1281.061119,172.24.10.1,172.24.10.210,DNP 3.0,64,"from 1 to 1024, len=5, Status of Link",
23294,1282.912673,172.24.10.1,172.24.10.210,DNP 3.0,81,"Read, Class 0123",1
23314,1284.262277,172.24.10.210,172.24.10.1,DNP 3.0,148,Response,1
23375,1290.268646,172.24.10.210,172.24.10.1,DNP 3.0,64,"from 1024 to 1, len=5, Request Link Status",
23376,1290.268835,172.24.10.1,172.24.10.210,DNP 3.0,64,"from 1 to 1024, len=5, Status of Link",
23414,1293.53641,172.24.10.1,172.24.10.210,DNP 3.0,81,"Read, Class 0123",1
23419,1293.545398,172.24.10.210,172.24.10.1,DNP 3.0,148,Response,1
23521,1303.821911,172.24.10.1,172.24.10.210,DNP 3.0,81,"Read, Class 0123",1
23545,1305.559126,172.24.10.1,172.24.10.210,DNP 3.0,64,"from 1 to 1024, len=5, Status of Link",
23584,1308.672343,172.24.10.1,172.24.10.210,DNP 3.0,78,Disable Spontaneous Messages,
23589,1308.680461,172.24.10.210,172.24.10.1,DNP 3.0,71,Response,
23596,1309.181621,172.24.10.1,172.24.10.210,DNP 3.0,81,"Read, Class 0123",1
23601,1309.191683,172.24.10.210,172.24.10.1,DNP 3.0,148,Response,1
23614,1310.273642,172.24.10.1,172.24.10.210,DNP 3.0,78,Enable Spontaneous Messages,
23621,1310.281524,172.24.10.210,172.24.10.1,DNP 3.0,71,Response,
23630,1311.065335,172.24.10.1,172.24.10.210,DNP 3.0,81,"Read, Class 0123",1
23635,1311.073442,172.24.10.210,172.24.10.1,DNP 3.0,148,Response,1
23650,1312.384115,172.24.10.1,172.24.10.210,DNP 3.0,81,"Read, Class 0123",1
23655,1312.391887,172.24.10.210,172.24.10.1,DNP 3.0,148,Response,1
23702,1316.929042,172.24.10.1,172.24.10.210,DNP 3.0,81,"Read, Class 0123",1
23707,1316.93904,172.24.10.210,172.24.10.1,DNP 3.0,148,Response,1
23769,1322.976985,172.24.10.210,172.24.10.1,DNP 3.0,64,"from 1024 to 1, len=5, Request Link Status",
23770,1322.977145,172.24.10.1,172.24.10.210,DNP 3.0,64,"from 1 to 1024, len=5, Status of Link",
23800,1325.426598,172.24.10.1,172.24.10.210,DNP 3.0,81,"Read, Class 0123",1
23806,1325.434891,172.24.10.210,172.24.10.1,DNP 3.0,148,Response,1
23915,1336.337243,172.24.10.1,172.24.10.210,DNP 3.0,81,"Read, Class 0123",1
23932,1337.46769,172.24.10.1,172.24.10.210,DNP 3.0,64,"from 1 to 1024, len=5, Status of Link",
23997,1343.375621,172.24.10.210,172.24.10.1,DNP 3.0,64,"from 1024 to 1, len=5, Request Link Status",
23998,1343.375817,172.24.10.1,172.24.10.210,DNP 3.0,64,"from 1 to 1024, len=5, Status of Link",
24040,1347.342003,172.24.10.1,172.24.10.210,DNP 3.0,81,"Read, Class 0123",1
24057,1348.356004,172.24.10.210,172.24.10.1,DNP 3.0,148,Response,1
24100,1352.37577,172.24.10.210,172.24.10.1,DNP 3.0,64,"from 1024 to 1, len=5, Request Link Status",
24101,1352.37597,172.24.10.1,172.24.10.210,DNP 3.0,64,"from 1 to 1024, len=5, Status of Link",
24164,1358.437518,172.24.10.210,172.24.10.1,DNP 3.0,64,"from 1024 to 1, len=5, Request Link Status",
24170,1358.610513,172.24.10.1,172.24.10.210,DNP 3.0,81,"Read, Class 0123",1
24174,1358.616682,172.24.10.1,172.24.10.210,DNP 3.0,64,"from 1 to 1024, len=5, Status of Link",
24179,1358.6208,172.24.10.210,172.24.10.1,DNP 3.0,148,Response,1
24231,1363.626107,172.24.10.210,172.24.10.1,DNP 3.0,64,"from 1024 to 1, len=5, Request Link Status",
24232,1363.626298,172.24.10.1,172.24.10.210,DNP 3.0,64,"from 1 to 1024, len=5, Status of Link",
24288,1368.675489,172.24.10.210,172.24.10.1,DNP 3.0,64,"from 1024 to 1, len=5, Request Link Status",
24289,1368.675685,172.24.10.1,172.24.10.210,DNP 3.0,64,"from 1 to 1024, len=5, Status of Link",
24295,1368.985601,172.24.10.1,172.24.10.210,DNP 3.0,81,"Read, Class 0123",1
24300,1368.992738,172.24.10.210,172.24.10.1,DNP 3.0,148,Response,1
24387,1377.026917,172.24.10.1,172.24.10.210,DNP 3.0,64,"from 1 to 1024, len=5, Status of Link",
24408,1378.464894,172.24.10.1,172.24.10.210,DNP 3.0,81,"Read, Class 0123",1
24429,1380.088354,172.24.10.210,172.24.10.1,DNP 3.0,148,Response,1
24534,1390.774462,172.24.10.1,172.24.10.210,DNP 3.0,81,"Read, Class 0123",1
24553,1392.084742,172.24.10.1,172.24.10.210,DNP 3.0,64,"from 1 to 1024, len=5, Status of Link",
24617,1397.592864,172.24.10.210,172.24.10.1,DNP 3.0,64,"from 1024 to 1, len=5, Request Link Status",
24618,1397.592943,172.24.10.1,172.24.10.210,DNP 3.0,64,"from 1 to 1024, len=5, Status of Link",
24642,1399.436397,172.24.10.1,172.24.10.210,DNP 3.0,81,"Read, Class 0123",1
24647,1399.444217,172.24.10.210,172.24.10.1,DNP 3.0,148,Response,1
24662,1400.939067,172.24.10.1,172.24.10.210,DNP 3.0,81,"Read, Class 0123",1
24667,1400.947116,172.24.10.210,172.24.10.1,DNP 3.0,148,Response,1
24790,1413.003909,172.24.10.210,172.24.10.1,DNP 3.0,64,"from 1024 to 1, len=5, Request Link Status",
24792,1413.004106,172.24.10.1,172.24.10.210,DNP 3.0,64,"from 1 to 1024, len=5, Status of Link",
24856,1418.551398,172.24.10.210,172.24.10.1,DNP 3.0,64,"from 1024 to 1, len=5, Request Link Status",
24857,1418.551597,172.24.10.1,172.24.10.210,DNP 3.0,64,"from 1 to 1024, len=5, Status of Link",
24901,1422.591756,172.24.10.1,172.24.10.210,DNP 3.0,81,"Read, Class 0123",1
24906,1422.602274,172.24.10.210,172.24.10.1,DNP 3.0,148,Response,1
24956,1427.60127,172.24.10.210,172.24.10.1,DNP 3.0,64,"from 1024 to 1, len=5, Request Link Status",
24957,1427.601437,172.24.10.1,172.24.10.210,DNP 3.0,64,"from 1 to 1024, len=5, Status of Link",
25021,1433.660176,172.24.10.210,172.24.10.1,DNP 3.0,64,"from 1024 to 1, len=5, Request Link Status",
25022,1433.660328,172.24.10.1,172.24.10.210,DNP 3.0,64,"from 1 to 1024, len=5, Status of Link",
25043,1435.195868,172.24.10.1,172.24.10.210,DNP 3.0,81,"Read, Class 0123",1
25048,1435.203291,172.24.10.210,172.24.10.1,DNP 3.0,148,Response,1
25098,1440.201453,172.24.10.210,172.24.10.1,DNP 3.0,64,"from 1024 to 1, len=5, Request Link Status",
25099,1440.201677,172.24.10.1,172.24.10.210,DNP 3.0,64,"from 1 to 1024, len=5, Status of Link",
25155,1445.261788,172.24.10.210,172.24.10.1,DNP 3.0,64,"from 1024 to 1, len=5, Request Link Status",
25156,1445.262003,172.24.10.1,172.24.10.210,DNP 3.0,64,"from 1 to 1024, len=5, Status of Link",
25171,1446.082083,172.24.10.1,172.24.10.210,DNP 3.0,81,"Read, Class 0123",1
25176,1446.090179,172.24.10.210,172.24.10.1,DNP 3.0,148,Response,1
25257,1454.111615,172.24.10.210,172.24.10.1,DNP 3.0,64,"from 1024 to 1, len=5, Request Link Status",
25259,1454.111807,172.24.10.1,172.24.10.210,DNP 3.0,64,"from 1 to 1024, len=5, Status of Link",
25299,1457.364222,172.24.10.1,172.24.10.210,DNP 3.0,78,Disable Spontaneous Messages,
25304,1457.372381,172.24.10.210,172.24.10.1,DNP 3.0,71,Response,
25315,1458.145886,172.24.10.1,172.24.10.210,DNP 3.0,81,"Read, Class 0123",1
25320,1458.153798,172.24.10.210,172.24.10.1,DNP 3.0,148,Response,1
25335,1459.731847,172.24.10.1,172.24.10.210,DNP 3.0,78,Enable Spontaneous Messages,
25340,1459.740437,172.24.10.210,172.24.10.1,DNP 3.0,71,Response,
25347,1460.296987,172.24.10.1,172.24.10.210,DNP 3.0,81,"Read, Class 0123",1
25352,1460.305826,172.24.10.210,172.24.10.1,DNP 3.0,148,Response,1
25364,1461.212324,172.24.10.1,172.24.10.210,DNP 3.0,81,"Read, Class 0123",1
25369,1461.221947,172.24.10.210,172.24.10.1,DNP 3.0,148,Response,1
25452,1469.217604,172.24.10.1,172.24.10.210,DNP 3.0,81,"Read, Class 0123",1
25456,1469.259764,172.24.10.1,172.24.10.210,DNP 3.0,64,"from 1 to 1024, len=5, Status of Link",
25574,1479.762918,172.24.10.1,172.24.10.210,DNP 3.0,81,"Read, Class 0123",1
25584,1480.418093,172.24.10.1,172.24.10.210,DNP 3.0,64,"from 1 to 1024, len=5, Status of Link",
25620,1483.259827,172.24.10.1,172.24.10.210,DNP 3.0,81,"Read, Class 0123",1
25628,1483.480111,172.24.10.210,172.24.10.1,DNP 3.0,148,Response,1
25710,1491.486669,172.24.10.210,172.24.10.1,DNP 3.0,64,"from 1024 to 1, len=5, Request Link Status",
25712,1491.486861,172.24.10.1,172.24.10.210,DNP 3.0,64,"from 1 to 1024, len=5, Status of Link",
25732,1492.831614,172.24.10.1,172.24.10.210,DNP 3.0,81,"Read, Class 0123",1
25757,1494.688506,172.24.10.210,172.24.10.1,DNP 3.0,148,Response,1
25838,1502.693772,172.24.10.210,172.24.10.1,DNP 3.0,64,"from 1024 to 1, len=5, Request Link Status",
25840,1502.693977,172.24.10.1,172.24.10.210,DNP 3.0,64,"from 1 to 1024, len=5, Status of Link",
25862,1504.174545,172.24.10.1,172.24.10.210,DNP 3.0,81,"Read, Class 0123",1
25885,1505.896233,172.24.10.210,172.24.10.1,DNP 3.0,148,Response,1
25967,1513.7093,172.24.10.1,172.24.10.210,DNP 3.0,81,"Read, Class 0123",1
25972,1513.893451,172.24.10.1,172.24.10.210,DNP 3.0,64,"from 1 to 1024, len=5, Status of Link",
26006,1516.621229,172.24.10.1,172.24.10.210,DNP 3.0,78,Disable Spontaneous Messages,
26014,1516.953846,172.24.10.210,172.24.10.1,DNP 3.0,71,Response,
26020,1517.283629,172.24.10.1,172.24.10.210,DNP 3.0,81,"Read, Class 0123",1
26025,1517.291069,172.24.10.210,172.24.10.1,DNP 3.0,148,Response,1
26033,1517.984758,172.24.10.1,172.24.10.210,DNP 3.0,78,Enable Spontaneous Messages,
26038,1517.994255,172.24.10.210,172.24.10.1,DNP 3.0,71,Response,
26047,1518.559763,172.24.10.1,172.24.10.210,DNP 3.0,81,"Read, Class 0123",1
26052,1518.567101,172.24.10.210,172.24.10.1,DNP 3.0,148,Response,1
26069,1520.100276,172.24.10.1,172.24.10.210,DNP 3.0,81,"Read, Class 0123",1
26074,1520.109951,172.24.10.210,172.24.10.1,DNP 3.0,148,Response,1
26152,1527.961664,172.24.10.1,172.24.10.210,DNP 3.0,81,"Read, Class 0123",1
26202,1532.151849,172.24.10.1,172.24.10.210,DNP 3.0,64,"from 1 to 1024, len=5, Status of Link",
26286,1540.099395,172.24.10.1,172.24.10.210,DNP 3.0,81,"Read, Class 0123",1
26300,1540.709392,172.24.10.1,172.24.10.210,DNP 3.0,64,"from 1 to 1024, len=5, Status of Link",
